{
  "1": {
    "price_24h_ago": 21.01,
    "timestamp": 1776718800.739023
  },
  "2": {
    "price_24h_ago": 3.35,
    "timestamp": 1776718800.739692
  },
  "3": {
    "price_24h_ago": 3.94,
    "timestamp": 1776718800.739883
  },
  "4": {
    "price_24h_ago": 2.7,
    "timestamp": 1776718800.740052
  },
  "5": {
    "price_24h_ago": 79.99,
    "timestamp": 1776718800.740196
  },
  "6": {
    "price_24h_ago": 39.8,
    "timestamp": 1776718800.740358
  },
  "7": {
    "price_24h_ago": 11.16,
    "timestamp": 1776718800.740518
  },
  "8": {
    "price_24h_ago": 4.52,
    "timestamp": 1776718800.740699
  },
  "9": {
    "price_24h_ago": 4.55,
    "timestamp": 1776718800.74088
  },
  "10": {
    "price_24h_ago": 21.15,
    "timestamp": 1776718800.741066
  },
  "11": {
    "price_24h_ago": 2.29,
    "timestamp": 1776718800.741255
  },
  "12": {
    "price_24h_ago": 22.85,
    "timestamp": 1776718800.933155
  },
  "13": {
    "price_24h_ago": 2.97,
    "timestamp": 1776718800.933414
  },
  "14": {
    "price_24h_ago": 2.29,
    "timestamp": 1776718800.933632
  },
  "15": {
    "price_24h_ago": 4.21,
    "timestamp": 1776718800.933832
  },
  "16": {
    "price_24h_ago": 65.97,
    "timestamp": 1776718800.934054
  },
  "17": {
    "price_24h_ago": 3.3,
    "timestamp": 1776718800.93428
  },
  "18": {
    "price_24h_ago": 3.96,
    "timestamp": 1776718800.934508
  },
  "19": {
    "price_24h_ago": 4.17,
    "timestamp": 1776718800.934745
  },
  "20": {
    "price_24h_ago": 3.72,
    "timestamp": 1776718800.935079
  },
  "21": {
    "price_24h_ago": 3.29,
    "timestamp": 1776718800.93534
  },
  "22": {
    "price_24h_ago": 29.97,
    "timestamp": 1776718800.935607
  },
  "23": {
    "price_24h_ago": 3.49,
    "timestamp": 1776718800.935868
  },
  "24": {
    "price_24h_ago": 3.86,
    "timestamp": 1776718800.936148
  },
  "25": {
    "price_24h_ago": 139.97,
    "timestamp": 1776718800.93642
  },
  "26": {
    "price_24h_ago": 198.83,
    "timestamp": 1776718800.93668
  },
  "27": {
    "price_24h_ago": 10.3,
    "timestamp": 1776718800.936934
  },
  "28": {
    "price_24h_ago": 4.16,
    "timestamp": 1776718800.937441
  },
  "29": {
    "price_24h_ago": 4.78,
    "timestamp": 1776718800.948458
  },
  "30": {
    "price_24h_ago": 37.75,
    "timestamp": 1776718800.949186
  },
  "31": {
    "price_24h_ago": 96.99,
    "timestamp": 1776718800.950163
  },
  "32": {
    "price_24h_ago": 7.722,
    "timestamp": 1776718800.950971
  },
  "33": {
    "price_24h_ago": 12.49,
    "timestamp": 1776718800.951586
  },
  "34": {
    "price_24h_ago": 30.98,
    "timestamp": 1776718800.95241
  },
  "35": {
    "price_24h_ago": 24.77,
    "timestamp": 1776718800.953303
  },
  "36": {
    "price_24h_ago": 16.57,
    "timestamp": 1776718800.954125
  },
  "37": {
    "price_24h_ago": 3.84,
    "timestamp": 1776718800.954798
  },
  "38": {
    "price_24h_ago": 120.44,
    "timestamp": 1776718800.955575
  },
  "39": {
    "price_24h_ago": 13.04,
    "timestamp": 1776718800.956281
  },
  "40": {
    "price_24h_ago": 2.61,
    "timestamp": 1776718800.957072
  },
  "41": {
    "price_24h_ago": 2.72,
    "timestamp": 1776718800.958039
  },
  "42": {
    "price_24h_ago": 2.71,
    "timestamp": 1776718800.958787
  },
  "43": {
    "price_24h_ago": 2.41,
    "timestamp": 1776718800.9597
  },
  "44": {
    "price_24h_ago": 3.25,
    "timestamp": 1776718800.960428
  },
  "45": {
    "price_24h_ago": 2.68,
    "timestamp": 1776718800.961296
  },
  "46": {
    "price_24h_ago": 2.43,
    "timestamp": 1776718800.962219
  },
  "47": {
    "price_24h_ago": 3.77,
    "timestamp": 1776718800.963025
  },
  "48": {
    "price_24h_ago": 1554.99,
    "timestamp": 1776718800.963897
  },
  "49": {
    "price_24h_ago": 3.66,
    "timestamp": 1776718800.964849
  },
  "50": {
    "price_24h_ago": 2.82,
    "timestamp": 1776718800.96571
  },
  "51": {
    "price_24h_ago": 3.12,
    "timestamp": 1776718800.966644
  },
  "52": {
    "price_24h_ago": 3.7,
    "timestamp": 1776718800.967428
  },
  "53": {
    "price_24h_ago": 4.3,
    "timestamp": 1776718800.968318
  },
  "54": {
    "price_24h_ago": 6.88,
    "timestamp": 1776718800.969293
  },
  "55": {
    "price_24h_ago": 3.07,
    "timestamp": 1776718800.970161
  },
  "56": {
    "price_24h_ago": 3.65,
    "timestamp": 1776718800.97174
  },
  "57": {
    "price_24h_ago": 5.65,
    "timestamp": 1776718800.972784
  },
  "58": {
    "price_24h_ago": 40.69,
    "timestamp": 1776718800.974406
  },
  "59": {
    "price_24h_ago": 40.2,
    "timestamp": 1776718800.975484
  },
  "60": {
    "price_24h_ago": 149.0,
    "timestamp": 1776718800.976569
  },
  "61": {
    "price_24h_ago": 354.79,
    "timestamp": 1776718800.977809
  },
  "62": {
    "price_24h_ago": 7298.0,
    "timestamp": 1776718800.978817
  },
  "63": {
    "price_24h_ago": 6.79,
    "timestamp": 1776718800.980235
  },
  "64": {
    "price_24h_ago": 617.35,
    "timestamp": 1776718800.981147
  },
  "65": {
    "price_24h_ago": 71.38,
    "timestamp": 1776718800.982084
  },
  "66": {
    "price_24h_ago": 74.81,
    "timestamp": 1776718800.983168
  },
  "67": {
    "price_24h_ago": 6.57,
    "timestamp": 1776718800.990775
  },
  "68": {
    "price_24h_ago": 30.48,
    "timestamp": 1776718800.992268
  },
  "69": {
    "price_24h_ago": 12.46,
    "timestamp": 1776718800.993171
  },
  "70": {
    "price_24h_ago": 62.89,
    "timestamp": 1776718800.994257
  },
  "71": {
    "price_24h_ago": 23.25,
    "timestamp": 1776718800.995415
  },
  "72": {
    "price_24h_ago": 38.49,
    "timestamp": 1776718800.996895
  },
  "73": {
    "price_24h_ago": 2.99,
    "timestamp": 1776718800.998123
  },
  "74": {
    "price_24h_ago": 7.23,
    "timestamp": 1776718800.999288
  },
  "75": {
    "price_24h_ago": 6.03,
    "timestamp": 1776718801.000393
  },
  "76": {
    "price_24h_ago": 5.55,
    "timestamp": 1776718801.001774
  },
  "77": {
    "price_24h_ago": 5.68,
    "timestamp": 1776718801.002824
  },
  "78": {
    "price_24h_ago": 2.61,
    "timestamp": 1776718801.003867
  },
  "79": {
    "price_24h_ago": 2.86,
    "timestamp": 1776718801.00504
  },
  "80": {
    "price_24h_ago": 3.37,
    "timestamp": 1776718801.006227
  },
  "81": {
    "price_24h_ago": 3.64,
    "timestamp": 1776718801.00723
  },
  "82": {
    "price_24h_ago": 13.59,
    "timestamp": 1776718801.008814
  },
  "83": {
    "price_24h_ago": 3.2,
    "timestamp": 1776718801.009712
  },
  "84": {
    "price_24h_ago": 4.5,
    "timestamp": 1776718801.011525
  },
  "85": {
    "price_24h_ago": 4.46,
    "timestamp": 1776718801.01275
  },
  "86": {
    "price_24h_ago": 30.12,
    "timestamp": 1776718801.01389
  },
  "87": {
    "price_24h_ago": 3.4,
    "timestamp": 1776718801.014786
  },
  "88": {
    "price_24h_ago": 7.76,
    "timestamp": 1776718801.016857
  },
  "89": {
    "price_24h_ago": 21.0,
    "timestamp": 1776718801.018049
  },
  "90": {
    "price_24h_ago": 3.44,
    "timestamp": 1776718801.019087
  },
  "91": {
    "price_24h_ago": 52.45,
    "timestamp": 1776718801.020238
  },
  "92": {
    "price_24h_ago": 3.58,
    "timestamp": 1776718801.021593
  },
  "93": {
    "price_24h_ago": 3.15,
    "timestamp": 1776718801.022666
  },
  "94": {
    "price_24h_ago": 3.89,
    "timestamp": 1776718801.023661
  },
  "95": {
    "price_24h_ago": 38.04,
    "timestamp": 1776718801.024899
  },
  "96": {
    "price_24h_ago": 10.4742,
    "timestamp": 1776718801.026102
  },
  "97": {
    "price_24h_ago": 11.78,
    "timestamp": 1776718801.027858
  },
  "98": {
    "price_24h_ago": 9.25,
    "timestamp": 1776718801.029262
  },
  "99": {
    "price_24h_ago": 9.72,
    "timestamp": 1776718801.030643
  },
  "100": {
    "price_24h_ago": 10.31,
    "timestamp": 1776718801.031827
  },
  "101": {
    "price_24h_ago": 27.46,
    "timestamp": 1776718801.033054
  },
  "102": {
    "price_24h_ago": 143.8,
    "timestamp": 1776718801.034222
  },
  "103": {
    "price_24h_ago": 4.62,
    "timestamp": 1776718801.036273
  },
  "104": {
    "price_24h_ago": 4.9,